id,name,age
1,John Smith,45
2,Jane Doe,38
3,Michael Johnson,52
4,Patricia Brown,47
5,Linda Davis,35
6,Robert Miller,50
7,Barbara Wilson,42
8,William Moore,60
9,Elizabeth Taylor,33
10,David Anderson,55
11,Jennifer Thomas,29
12,Richard Jackson,48
13,Susan White,40
14,Joseph Harris,51
15,Margaret Martin,37
16,Charles Thompson,62
17,Mary Garcia,28
18,Christopher Martinez,41
19,Sarah Robinson,36
20,Daniel Clark,44
21,Karen Rodriguez,39
22,Matthew Lewis,53
23,Nancy Lee,34
24,Donald Walker,49
25,Laura Hall,32
26,Paul Allen,46
27,Lisa Young,31
28,Mark Hernandez,43
29,Betty King,54
30,Steven Wright,56
31,Donna Lopez,27
32,George Hill,57
33,Carol Scott,30
34,Kenneth Green,58
35,Sandra Adams,40
36,Brian Baker,59
37,Michelle Gonzalez,26
38,Edward Nelson,61
39,Dorothy Carter,39
40,Ronald Mitchell,49
41,Sharon Perez,35
42,Anthony Roberts,42
43,Cynthia Turner,33
44,Kevin Phillips,45
45,Emily Campbell,29
46,Jason Parker,47
47,Amy Evans,34
48,Jeffrey Edwards,51
49,Rebecca Collins,38
50,Ryan Stewart,36
51,Kathleen Sanchez,41
52,Ralph Ellison,38
